<?xml version="1.0" encoding="utf-8" ?>
<manifest>
  <control namespace="ruisantos.PhoneSensorControlNamespace" constructor="PhoneSensorControlV11" version="1.0.2" display-name-key="PhoneSensorControlV11" description-key="PhoneSensorControl description" control-type="standard">
    <!-- property node identifies a specific, configurable piece of data that the control expects from CDS -->
    <property name="ActivateNFC" display-name-key="ActivateNFC" description-key="Activate NFC Sensor" of-type="SingleLine.Text" usage="bound" required="false" />
    <property name="DataToPhone" display-name-key="DataToPhone" description-key="Data to Phone" of-type="SingleLine.Text" usage="bound" required="false" />
    <property name="OtherData" display-name-key="OtherData" description-key="Other Data" of-type="SingleLine.Text" usage="output" required="false" />
    <property name="NFCMessage" display-name-key="NFCMessage" description-key="NFC Sensor data" of-type="SingleLine.Text" usage="output" required="false" />
    
    <!-- <property name="ActivateNFC" display-name-key="ActivateNFC" description-key="Activate NFC Sensor" of-type="SingleLine.Text" usage="bound" required="false" />
    <property name="ActivateNFC" display-name-key="ActivateNFC" description-key="Activate NFC Sensor" of-type="SingleLine.Text" usage="bound" required="false" /> -->
    
    <!-- 
      Property node's of-type attribute can be of-type-group attribute. 
      Example:
      <type-group name="numbers">
        <type>Whole.None</type>
        <type>Currency</type>
        <type>FP</type>
        <type>Decimal</type>
      </type-group>
      <property name="sampleProperty" display-name-key="Property_Display_Key" description-key="Property_Desc_Key" of-type-group="numbers" usage="bound" required="true" />
    -->
    <resources>
      <code path="index.ts" order="1"/>
      <!-- UNCOMMENT TO ADD MORE RESOURCES
      <css path="css/PhoneSensorControl.css" order="1" />
      <resx path="strings/PhoneSensorControl.1033.resx" version="1.0.0" />
      -->
    </resources>
    <!-- UNCOMMENT TO ENABLE THE SPECIFIED API
    <feature-usage>
      <uses-feature name="Device.captureAudio" required="true" />
      <uses-feature name="Device.captureImage" required="true" />
      <uses-feature name="Device.captureVideo" required="true" />
      <uses-feature name="Device.getBarcodeValue" required="true" />
      <uses-feature name="Device.getCurrentPosition" required="true" />
      <uses-feature name="Device.pickFile" required="true" />
      <uses-feature name="Utility" required="true" />
      <uses-feature name="WebAPI" required="true" />
    </feature-usage>
    -->
  </control>
</manifest>